,p1,p2,distance
0,4,1,76
1,1,2,125
2,4,3,128
3,3,2,84
4,3,5,36
5,3,6,96
6,6,7,28
7,6,8,37
8,7,8,21
9,8,9,87
10,9,10,21
11,9,11,10
12,9,12,59
13,12,14,43
14,14,15,46
15,12,13,55
16,13,17,43
17,17,18,30
18,17,19,54
19,13,16,73
20,12,16,65
21,16,20,51
22,19,20,107
23,19,21,93
24,21,22,18
25,22,23,20
26,23,24,45
27,15,29,27
28,29,28,37
29,29,27,26
30,15,26,68
31,16,26,44
32,26,25,53
33,20,25,49
34,26,30,33
35,25,31,43
36,31,32,45
37,33,31,35
38,33,34,40
39,34,35,23
40,35,36,17
41,36,37,19
42,37,38,19
43,38,38,0
44,38,39,41
45,35,42,47
46,39,42,38
47,24,40,23
48,41,42,39
49,41,40,48
50,40,39,51
51,28,28,0
52,28,30,97
53,30,43,36
54,43,25,31
55,30,48,76
56,48,49,17
57,49,51,112
58,50,49,72
59,50,52,17
60,53,50,67
61,52,51,81
62,48,53,58
63,53,54,31
64,54,55,20
65,56,57,40
66,58,58,0
67,58,59,48
68,58,58,0
69,58,56,66
70,56,52,98
71,48,62,78
72,62,46,56
73,46,47,22
74,44,47,65
75,33,46,53
76,33,44,22
77,44,45,43
78,38,45,24
79,37,45,19
80,2,63,88
81,5,71,106
82,63,64,104
83,64,65,109
84,71,72,218
85,72,73,42
86,73,74,33
87,65,66,111
88,74,75,105
89,66,67,111
90,67,68,66
91,68,69,50
92,75,70,87
93,69,70,90
94,72,76,76
95,76,24,99
96,74,77,48
97,77,78,70
98,78,79,84
99,79,80,68
100,45,81,45
101,80,88,79
102,81,82,62
103,88,89,66
104,82,83,66
105,83,84,55
106,89,90,50
107,90,91,73
108,91,92,56
109,92,93,52
110,93,94,53
111,84,85,37
112,85,86,47
113,51,61,52
114,61,86,45
115,61,115,23
116,115,87,27
117,87,86,40
118,85,97,20
119,97,104,44
120,104,105,39
121,105,106,30
122,106,107,17
123,107,108,15
124,108,109,45
125,109,110,33
126,110,111,18
127,111,112,17
128,112,113,35
129,113,114,26
130,114,102,43
131,102,103,36
132,102,101,47
133,101,100,39
134,100,99,36
135,97,98,23
136,98,99,37
137,99,116,22
138,100,116,29
139,94,95,58
140,94,122,19
141,122,121,56
142,116,117,38
143,117,118,33
144,118,119,18
145,119,120,35
146,121,120,22
147,116,122,69
148,121,123,46
149,120,124,20
150,124,125,40
151,125,126,37
152,126,127,52
153,121,130,63
154,123,133,45
155,133,132,31
156,130,131,31
157,131,132,50
158,127,128,43
159,128,129,53
160,119,134,107
161,117,135,74
162,135,136,88
163,136,137,60
164,137,138,91
165,138,138,0
166,138,134,30
167,137,140,49
168,140,138,43
169,140,139,88
170,139,143,27
171,139,141,23
172,142,143,27
173,141,142,13
174,143,144,31
175,144,145,14
176,138,139,90
177,144,146,18
178,144,147,14
179,147,146,16
180,144,148,18
181,148,149,17
182,149,150,12
183,150,151,92
184,151,157,56
185,149,157,79
186,157,158,21
187,158,159,30
188,159,160,31
189,160,161,33
190,161,163,25
191,163,164,109
192,164,166,17
193,166,167,32
194,167,165,64
195,163,165,95
196,151,152,30
197,151,151,0
198,151,156,44
199,152,156,35
200,152,153,49
201,153,154,49
202,154,155,91
203,155,170,37
204,170,169,60
205,156,172,28
206,172,174,23
207,172,173,19
208,173,175,24
209,175,168,62
210,168,166,22
211,168,169,78
212,168,176,59
213,161,162,37
214,176,180,62
215,180,179,34
216,178,179,39
217,169,178,91
218,169,184,87
219,184,185,91
220,185,186,57
221,179,189,102
222,202,186,87
223,179,202,17
224,185,187,53
225,186,187,37
226,189,188,31
227,186,188,125
228,187,204,32
229,204,203,43
230,187,203,42
231,188,190,23
232,188,193,51
233,190,191,46
234,165,181,59
235,181,180,82
236,181,182,52
237,182,183,43
238,191,182,114
239,191,197,26
240,190,192,19
241,192,193,30
242,194,193,97
243,194,195,24
244,195,196,55
245,193,196,53
246,197,198,93
247,196,198,20
248,198,201,59
249,194,207,33
250,206,207,120
251,205,206,72
252,204,205,86
253,136,209,77
254,209,210,142
255,210,211,109
256,211,212,79
257,212,213,70
258,213,214,47
259,213,215,66
260,215,154,88
261,215,214,97
262,216,214,74
263,216,217,56
264,214,218,90
265,218,219,145
266,219,208,260
267,205,208,25
268,208,220,205
269,221,220,38
270,220,222,55
271,196,199,126
272,198,200,128
273,199,200,20
274,200,235,29
275,235,234,23
276,235,232,29
277,232,233,21
278,233,231,57
279,232,230,54
280,231,230,21
281,230,236,41
282,237,236,49
283,230,229,22
284,229,228,36
285,228,238,18
286,238,239,42
287,239,240,46
288,241,240,48
289,236,241,59
290,237,242,116
291,242,241,60
292,240,243,60
293,243,244,24
294,242,243,52
295,228,227,111
296,238,248,97
297,249,248,19
298,227,249,60
299,253,227,88
300,252,253,65
301,252,251,44
302,251,256,33
303,256,255,42
304,255,254,94
305,254,249,73
306,256,257,27
307,258,257,36
308,250,251,55
309,250,258,40
310,224,250,61
311,224,225,78
312,225,227,207
313,226,225,45
314,222,223,16
315,223,224,65
316,259,250,38
317,129,260,46
318,260,261,76
319,261,263,59
320,263,262,32
321,263,264,26
322,262,265,41
323,264,265,28
324,265,266,17
325,266,267,114
326,267,268,18
327,268,269,30
328,269,162,23
329,269,270,80
330,270,271,56
331,162,274,116
332,274,273,39
333,273,271,28
334,273,183,72
335,271,275,70
336,183,275,27
337,275,276,76
338,271,272,157
339,272,276,96
340,183,277,35
341,275,278,41
342,277,278,25
343,278,279,43
344,279,280,62
345,280,281,20
346,281,282,27
347,282,283,21
348,280,283,34
349,283,284,65
350,284,285,42
351,285,286,41
352,286,287,43
353,287,288,64
354,283,288,24
355,288,201,28
356,201,289,34
357,201,287,66
358,286,294,66
359,287,291,68
360,291,290,40
361,289,290,17
362,291,292,24
363,289,293,42
364,293,295,24
365,293,298,41
366,295,296,32
367,296,297,21
368,296,298,29
369,294,300,84
370,302,300,29
371,300,301,16
372,294,307,74
373,307,301,64
374,301,306,30
375,306,305,32
376,305,303,26
377,301,303,60
378,304,303,33
379,302,304,25
380,307,311,74
381,311,310,82
382,310,308,30
383,306,308,59
384,308,309,30
385,310,309,34
386,309,312,75
387,312,313,75
388,313,314,42
389,314,316,33
390,315,316,41
391,321,316,25
392,321,314,30
393,314,318,37
394,272,336,114
395,336,337,20
396,337,338,48
397,338,339,58
398,337,332,26
399,337,342,40
400,343,336,65
401,344,343,33
402,266,340,39
403,340,341,54
404,341,344,33
405,341,345,54
406,345,343,47
407,346,345,28
408,346,347,26
409,332,331,100
410,330,331,47
411,330,329,58
412,331,329,26
413,329,333,103
414,331,335,134
415,335,333,90
416,333,334,130
417,298,359,52
418,359,299,135
419,359,237,21
420,299,360,73
421,360,245,35
422,242,245,57
423,245,246,36
424,246,247,22
425,247,244,29
426,329,328,74
427,333,328,54
428,328,327,66
429,328,322,97
430,329,322,117
431,322,311,36
432,327,323,46
433,323,326,35
434,326,325,22
435,334,323,161
436,323,324,84
437,95,96,69
438,96,374,128
439,374,375,46
440,375,376,30
441,376,373,38
442,373,377,51
443,377,378,63
444,373,372,34
445,131,367,111
446,367,368,86
447,372,371,49
448,368,369,40
449,369,370,53
450,370,371,23
451,368,398,76
452,398,397,34
453,397,390,20
454,390,392,32
455,392,388,55
456,389,388,27
457,132,399,59
458,399,400,74
459,400,398,51
460,397,401,151
461,371,401,31
462,371,379,45
463,379,380,19
464,401,380,46
465,388,387,36
466,387,391,37
467,392,391,31
468,390,391,36
469,387,386,56
470,385,386,51
471,386,393,39
472,391,393,56
473,386,394,41
474,394,395,41
475,393,395,42
476,395,396,38
477,397,396,127
478,396,349,23
479,349,346,100
480,349,348,23
481,348,347,96
482,348,402,102
483,403,403,0
484,403,402,36
485,402,350,99
486,347,350,98
487,402,405,51
488,405,404,100
489,350,404,53
490,380,407,21
491,407,406,104
492,406,405,28
493,406,381,161
494,407,381,120
495,335,351,59
496,332,351,159
497,342,332,58
498,404,408,112
499,408,409,53
500,409,351,75
501,334,411,68
502,409,410,41
503,410,334,183
504,334,413,62
505,413,412,21
506,413,324,66
507,324,353,148
508,415,414,217
509,323,415,38
510,414,321,65
511,321,317,74
512,317,320,58
513,320,319,27
514,314,320,60
515,353,352,31
516,352,354,44
517,354,355,25
518,354,356,101
519,356,357,68
520,357,358,82
521,353,317,119
522,352,317,100
523,317,419,40
524,419,418,33
525,319,418,32
526,419,420,86
527,420,421,63
528,422,247,48
529,362,422,42
530,423,422,36
531,247,423,44
532,244,424,47
533,424,423,29
534,246,362,32
535,245,361,34
536,361,362,47
537,361,363,53
538,362,364,54
539,363,364,48
540,363,365,68
541,364,366,65
542,365,366,46
543,365,425,53
544,366,426,54
545,425,426,48
546,425,318,75
547,426,416,81
548,318,416,46
549,426,427,39
550,428,427,75
551,416,428,58
552,416,427,82
553,427,429,81
554,416,417,67
555,319,417,43
556,417,417,0
557,417,431,34
558,418,431,42
559,431,433,42
560,418,420,67
561,420,433,23
562,421,435,143
563,435,434,34
564,435,436,28
565,436,437,27
566,437,438,18
567,438,439,32
568,439,440,38
569,440,441,31
570,450,441,127
571,434,450,86
572,441,443,27
573,443,442,18
574,443,444,17
575,441,444,32
576,444,445,32
577,445,446,35
578,446,447,21
579,447,448,15
580,448,449,13
581,449,446,22
582,421,448,215
583,446,451,33
584,417,430,60
585,433,452,80
586,431,452,60
587,430,452,25
588,428,430,65
589,424,461,13
590,461,462,13
591,461,463,48
592,463,464,22
593,463,465,52
594,465,466,25
595,423,460,242
596,460,459,29
597,465,467,60
598,467,470,67
599,470,460,45
600,469,470,73
601,471,470,59
602,471,472,22
603,472,473,46
604,473,469,26
605,468,469,73
606,469,474,70
607,474,475,30
608,475,476,21
609,476,477,46
610,479,475,42
611,479,480,45
612,480,481,43
613,481,478,29
614,478,477,35
615,488,479,55
616,487,488,43
617,488,482,44
618,482,480,62
619,482,485,77
620,482,489,44
621,489,481,53
622,489,485,34
623,490,489,34
624,490,484,43
625,486,487,54
626,491,486,148
627,492,491,34
628,493,484,141
629,486,483,79
630,483,482,49
631,483,490,51
632,483,484,84
633,430,454,121
634,453,454,68
635,428,453,122
636,454,456,60
637,456,495,27
638,456,455,53
639,495,494,51
640,455,494,26
641,457,455,72
642,453,457,112
643,458,457,44
644,457,499,34
645,499,455,78
646,457,455,72
647,457,455,72
648,499,505,75
649,499,500,87
650,505,500,51
651,500,501,50
652,455,500,106
653,494,501,101
654,500,504,38
655,504,503,17
656,504,507,65
657,505,506,95
658,506,507,63
659,506,509,22
660,511,506,151
661,512,511,36
662,511,513,52
663,509,510,70
664,507,508,32
665,508,516,79
666,510,516,70
667,516,517,62
668,508,517,55
669,508,519,81
670,517,519,54
671,517,518,41
672,516,518,76
673,510,515,25
674,514,515,29
675,513,514,42
676,519,520,105
677,520,521,75
678,518,522,31
679,519,522,47
680,518,546,36
681,522,546,46
682,519,547,49
683,522,547,57
684,549,548,24
685,520,549,48
686,547,549,50
687,547,550,62
688,549,550,37
689,550,556,56
690,550,551,75
691,551,552,17
692,556,551,63
693,552,553,90
694,553,554,46
695,553,555,45
696,511,535,129
697,535,545,41
698,545,544,44
699,544,543,25
700,543,542,23
701,542,541,31
702,541,540,56
703,540,539,36
704,539,538,39
705,537,536,115
706,536,512,111
707,536,535,58
708,513,513,0
709,513,533,105
710,533,534,30
711,535,534,71
712,513,523,83
713,515,523,81
714,546,560,59
715,560,561,131
716,561,562,115
717,563,562,96
718,562,564,30
719,564,565,46
720,566,565,74
721,525,566,110
722,523,524,67
723,524,525,63
724,526,525,37
725,527,526,44
726,528,527,47
727,528,530,45
728,530,531,35
729,559,531,65
730,534,558,68
731,558,559,61
732,526,532,106
733,532,568,85
734,568,566,49
735,566,562,59
736,568,569,87
737,570,569,41
738,532,576,113
739,577,576,96
740,577,578,89
741,532,583,59
742,576,583,89
743,578,576,52
744,578,581,96
745,581,582,80
746,565,571,81
747,571,572,37
748,572,573,61
749,571,573,56
750,573,574,109
751,574,575,93
752,561,586,223
753,586,587,33
754,587,587,0
755,587,588,39
756,588,589,41
757,586,591,36
758,591,589,29
759,589,590,86
760,575,590,112
761,584,575,123
762,572,584,233
763,575,585,62
764,590,585,87
765,590,592,37
766,602,584,39
767,602,603,39
768,603,604,22
769,604,605,35
770,584,606,26
771,602,606,35
772,605,602,26
773,605,608,21
774,606,607,25
775,605,607,62
776,608,607,71
777,609,608,25
778,610,609,70
779,610,611,23
780,611,612,33
781,612,613,27
782,614,613,47
783,613,616,53
784,616,615,20
785,615,609,25
786,592,624,57
787,624,623,16
788,623,622,111
789,622,621,47
790,621,620,37
791,620,625,104
792,592,643,87
793,643,624,83
794,623,646,88
795,626,647,129
796,626,625,79
797,619,626,69
798,627,619,69
799,627,642,64
800,628,627,139
801,629,628,27
802,630,629,54
803,631,630,27
804,632,631,23
805,632,633,47
806,608,617,59
807,618,617,28
808,607,618,20
809,618,629,45
810,642,641,57
811,641,639,51
812,633,634,65
813,634,640,81
814,634,635,59
815,640,639,53
816,635,636,62
817,636,637,35
818,637,638,51
819,639,638,84
820,638,647,120
821,638,648,126
822,646,652,58
823,646,651,75
824,652,651,31
825,651,622,40
826,625,653,57
827,620,653,63
828,653,654,52
829,654,655,26
830,647,649,137
831,648,650,137
832,655,649,31
833,655,658,30
834,649,650,18
835,650,656,17
836,655,656,30
837,656,657,41
838,658,657,22
839,654,659,36
840,658,670,64
841,659,660,36
842,660,661,29
843,661,662,21
844,662,663,12
845,663,664,16
846,664,665,45
847,665,666,45
848,666,667,36
849,667,668,31
850,657,671,89
851,670,669,62
852,671,672,77
853,668,672,25
854,668,669,43
855,590,644,91
856,644,643,32
857,644,594,32
858,643,645,25
859,594,645,31
860,645,646,65
861,581,580,115
862,579,580,55
863,579,578,104
864,673,579,107
865,673,677,97
866,673,675,23
867,673,678,44
868,676,675,11
869,674,676,24
870,679,673,56
871,680,679,48
872,567,545,102
873,688,559,26
874,681,688,47
875,680,681,82
876,681,558,109
877,682,680,56
878,683,682,52
879,684,683,28
880,685,684,48
881,686,685,57
882,493,694,83
883,694,693,90
884,693,692,36
885,692,691,58
886,692,689,100
887,686,689,46
888,691,690,50
889,689,690,22
890,689,684,83
891,696,674,95
892,696,676,95
893,695,676,68
894,695,675,68
895,683,695,84
896,677,579,52
897,675,700,96
898,676,700,95
899,700,699,50
900,677,697,42
901,697,698,30
902,699,698,47
903,491,493,162
904,257,703,38
905,703,702,136
906,249,702,58
907,255,703,55
908,254,702,49
909,257,492,193
910,704,492,54
911,705,656,36
912,705,706,61
913,705,707,30
914,705,708,43
915,648,713,29
916,647,648,17
917,713,731,77
918,713,712,75
919,712,711,34
920,711,732,16
921,732,733,47
922,732,732,0
923,732,710,38
924,711,710,43
925,710,706,35
926,706,714,35
927,714,717,46
928,717,718,80
929,718,719,84
930,719,758,54
931,735,758,65
932,718,735,79
933,758,736,25
934,719,737,35
935,737,720,52
936,720,721,109
937,736,739,65
938,737,738,74
939,739,759,153
940,738,740,73
941,740,741,15
942,741,742,59
943,742,743,12
944,743,744,25
945,744,745,18
946,744,746,47
947,746,760,77
948,760,761,109
949,761,762,32
950,760,763,115
951,763,764,55
952,764,765,23
953,764,766,125
954,766,771,37
955,764,767,99
956,767,768,54
957,768,769,20
958,769,770,24
959,556,785,52
960,785,786,50
961,786,598,52
962,598,787,44
963,598,597,25
964,786,597,36
965,597,595,50
966,595,596,33
967,561,595,53
968,561,788,35
969,788,789,110
970,598,789,31
971,789,599,97
972,599,600,33
973,600,601,31
974,599,601,22
975,601,791,53
976,791,792,65
977,792,793,45
978,792,794,45
979,793,794,21
980,794,795,32
981,795,594,51
982,791,797,28
983,797,797,0
984,797,798,31
985,798,799,21
986,799,800,44
987,800,790,23
988,790,790,0
989,790,801,102
990,801,787,33
991,793,796,25
992,796,807,50
993,797,796,85
994,807,809,30
995,809,810,28
996,810,811,30
997,807,808,47
998,811,812,29
999,812,813,20
1000,813,814,13
1001,808,806,43
1002,806,805,21
1003,804,805,18
1004,796,804,84
1005,814,815,33
1006,815,816,38
1007,816,817,23
1008,817,818,40
1009,818,819,36
1010,819,820,13
1011,820,821,16
1012,821,822,24
1013,822,823,20
1014,822,828,30
1015,823,824,23
1016,828,829,31
1017,824,825,19
1018,825,826,26
1019,829,830,43
1020,826,827,26
1021,827,831,52
1022,830,832,50
1023,832,757,33
1024,831,757,50
1025,668,757,48
1026,668,754,58
1027,757,756,64
1028,756,754,44
1029,754,753,70
1030,707,709,56
1031,753,709,96
1032,709,752,16
1033,752,751,40
1034,751,750,38
1035,750,749,23
1036,749,748,18
1037,748,747,18
1038,747,716,44
1039,716,715,18
1040,715,714,108
1041,712,708,46
1042,731,733,56
1043,730,731,57
1044,730,729,49
1045,729,728,88
1046,728,727,73
1047,721,723,46
1048,721,722,42
1049,722,724,68
1050,724,725,25
1051,726,725,34
1052,726,724,35
1053,727,726,38
1054,730,833,87
1055,833,834,109
1056,740,772,29
1057,772,774,47
1058,772,773,26
1059,774,777,27
1060,777,778,16
1061,774,775,16
1062,775,778,36
1063,775,776,19
1064,778,779,49
1065,773,776,51
1066,776,779,67
1067,773,781,34
1068,779,780,25
1069,779,835,93
1070,780,835,78
1071,781,780,128
1072,781,782,14
1073,759,782,31
1074,759,783,35
1075,783,784,41
1076,782,784,28
1077,69,844,75
1078,844,845,129
1079,70,843,250
1080,845,847,87
1081,843,846,98
1082,847,846,85
1083,382,381,90
1084,378,848,101
1085,382,383,68
1086,861,381,22
1087,862,861,58
1088,863,862,53
1089,864,863,59
1090,864,383,18
1091,848,864,38
1092,864,852,85
1093,852,383,96
1094,848,849,92
1095,849,852,50
1096,849,850,33
1097,852,853,66
1098,852,854,33
1099,853,855,36
1100,853,857,56
1101,857,858,75
1102,850,851,30
1103,851,865,93
1104,865,866,47
1105,843,868,38
1106,868,867,34
1107,843,867,32
1108,867,866,158
1109,858,870,150
1110,870,846,48
1111,846,869,40
1112,869,859,122
1113,859,858,32
1114,858,856,19
1115,859,860,69
1116,856,859,38
1117,856,860,82
1118,860,871,21
1119,871,872,33
1120,872,873,51
1121,873,874,40
1122,871,877,42
1123,856,877,105
1124,873,877,81
1125,871,873,59
1126,874,875,52
1127,875,876,48
1128,877,877,0
1129,877,878,90
1130,856,855,86
1131,853,880,20
1132,880,881,63
1133,878,882,17
1134,882,883,23
1135,883,884,29
1136,881,884,16
1137,853,891,25
1138,891,892,73
1139,884,892,24
1140,881,892,16
1141,878,886,63
1142,886,887,19
1143,887,888,43
1144,889,888,18
1145,890,889,33
1146,878,890,47
1147,886,885,124
1148,876,885,210
1149,885,898,56
1150,898,899,28
1151,899,900,27
1152,901,901,0
1153,901,900,18
1154,898,901,25
1155,903,901,25
1156,897,903,26
1157,896,897,22
1158,895,896,43
1159,888,894,19
1160,894,895,17
1161,892,893,46
1162,884,893,41
1163,882,893,64
1164,878,893,79
1165,890,893,61
1166,893,889,43
1167,893,905,50
1168,905,894,27
1169,889,905,26
1170,901,902,41
1171,876,908,25
1172,908,909,22
1173,909,916,196
1174,916,915,27
1175,915,914,46
1176,913,914,23
1177,913,902,38
1178,902,917,16
1179,917,918,21
1180,918,919,27
1181,920,918,64
1182,921,920,46
1183,922,921,59
1184,923,922,64
1185,909,910,14
1186,910,923,45
1187,910,911,11
1188,911,923,47
1189,911,912,38
1190,912,919,278
1191,903,904,46
1192,907,904,61
1193,904,925,54
1194,925,926,46
1195,926,927,21
1196,927,928,33
1197,928,929,80
1198,919,924,28
1199,924,930,88
1200,930,931,27
1201,931,932,25
1202,932,933,24
1203,933,934,35
1204,934,935,22
1205,935,936,21
1206,934,937,47
1207,935,937,66
1208,936,937,49
1209,929,937,157
1210,905,906,58
1211,906,907,32
1212,906,938,45
1213,939,938,54
1214,940,939,30
1215,892,940,41
1216,884,940,60
1217,893,940,52
1218,854,940,86
1219,940,967,178
1220,938,966,35
1221,966,967,118
1222,904,941,24
1223,906,942,56
1224,906,968,23
1225,968,943,45
1226,943,944,30
1227,944,945,10
1228,945,946,35
1229,946,947,19
1230,947,948,9
1231,948,949,14
1232,949,950,9
1233,950,951,28
1234,951,952,23
1235,952,953,10
1236,953,954,13
1237,954,955,8
1238,941,942,60
1239,941,961,45
1240,942,965,57
1241,961,962,24
1242,962,963,27
1243,965,963,28
1244,963,964,80
1245,964,969,38
1246,969,952,23
1247,965,970,91
1248,970,952,23
1249,970,969,24
1250,955,956,28
1251,381,967,102
1252,381,972,121
1253,972,971,41
1254,976,410,70
1255,976,408,28
1256,976,409,52
1257,971,973,31
1258,973,410,141
1259,967,977,56
1260,977,971,134
1261,971,974,65
1262,977,974,121
1263,974,978,31
1264,978,979,76
1265,979,980,96
1266,938,989,291
1267,956,957,19
1268,957,958,11
1269,958,959,12
1270,959,960,11
1271,960,991,22
1272,970,994,71
1273,994,993,15
1274,994,960,38
1275,991,995,47
1276,995,999,32
1277,996,999,17
1278,999,998,27
1279,997,998,16
1280,989,988,21
1281,988,980,56
1282,980,981,21
1283,988,1000,25
1284,1000,990,29
1285,988,982,64
1286,990,982,19
1287,981,990,18
1288,988,987,47
1289,982,986,41
1290,987,986,15
1291,986,985,39
1292,982,984,28
1293,984,985,35
1294,985,992,45
1295,991,992,105
1296,982,983,44
1297,983,984,48
1298,974,1002,68
1299,1002,1001,19
1300,1002,975,82
1301,975,983,77
1302,410,975,133
1303,995,1003,16
1304,1003,992,102
1305,1003,1004,53
1306,995,1004,62
1307,846,1005,33
1308,846,1009,33
1309,1005,1006,25
1310,1006,1007,289
1311,1009,1008,329
1312,1007,1008,29
1313,1008,1011,26
1314,1012,1011,27
1315,1012,1013,33
1316,1013,1014,44
1317,1014,1015,34
1318,1015,1016,33
1319,1016,908,43
1320,1011,1016,80
1321,1013,1011,45
1322,1015,1013,58
1323,1008,1010,30
1324,1010,1018,49
1325,1018,1019,25
1326,1019,912,58
1327,847,1020,20
1328,1020,1021,300
1329,847,1022,300
1330,1022,1025,166
1331,1021,1023,83
1332,1023,1024,72
1333,1025,1028,82
1334,1028,1029,24
1335,1029,1027,144
1336,1024,1031,82
1337,1031,1031,0
1338,1031,1026,170
1339,1026,1033,83
1340,1027,1034,117
1341,1033,1036,114
1342,1034,1035,103
1343,1036,1037,100
1344,1045,1037,36
1345,1035,1038,99
1346,1037,1039,26
1347,1038,1039,19
1348,1037,1038,20
1349,1038,1040,16
1350,1040,1039,22
1351,1039,1046,28
1352,1040,1041,32
1353,1041,1042,33
1354,1042,1043,62
1355,1041,1043,61
1356,1043,1044,13
1357,1024,1048,57
1358,1010,1047,35
1359,1047,1048,52
1360,1018,1049,22
1361,1049,1050,32
1362,1050,1051,23
1363,1048,1053,97
1364,1053,1051,35
1365,1048,1059,33
1366,1059,1058,18
1367,1057,1058,19
1368,1057,1056,40
1369,1056,1055,16
1370,1055,1054,26
1371,1054,1052,28
1372,1024,1030,116
1373,1054,1078,28
1374,1078,1079,22
1375,1079,1069,26
1376,1069,1068,45
1377,1068,1067,15
1378,1067,1066,21
1379,1066,1065,38
1380,1064,1065,24
1381,1063,1064,29
1382,1059,1060,52
1383,1060,1061,22
1384,1061,1062,25
1385,1060,1062,13
1386,1062,1063,26
1387,1063,1080,48
1388,1080,1081,31
1389,1081,1082,23
1390,1070,1081,50
1391,1070,1071,69
1392,1071,1072,37
1393,1072,1073,31
1394,1073,1074,33
1395,1075,1073,27
1396,1075,1076,44
1397,1076,1077,34
1398,1073,1077,61
1399,1074,1045,81
1400,1044,1083,22
1401,1084,1083,20
1402,1084,1085,31
1403,1086,1085,37
1404,1087,1086,40
1405,1088,1087,28
1406,1089,1088,39
1407,1089,1090,37
1408,1090,1091,125
1409,1091,1092,24
1410,1092,1093,38
1411,1046,1098,14
1412,1098,1099,17
1413,1099,1100,136
1414,1100,1101,24
1415,1101,1102,18
1416,1102,1103,158
1417,1093,1094,61
1418,1094,1095,66
1419,1046,1108,14
1420,1108,1109,111
1421,1109,1107,18
1422,1107,1106,16
1423,1106,1105,43
1424,1109,1105,64
1425,1105,1104,46
1426,1105,1110,37
1427,1110,1104,22
1428,1104,1103,113
1429,1095,1096,47
1430,1097,1096,21
1431,1111,1097,61
1432,1111,1112,92
1433,1110,1113,37
1434,1113,1114,29
1435,1113,1116,35
1436,1114,1114,0
1437,1114,1115,38
1438,1116,1115,15
1439,1124,1116,52
1440,1045,1125,75
1441,1125,1124,250
1442,1116,1126,109
1443,1115,1117,110
1444,1117,1118,17
1445,1118,1119,15
1446,1119,1120,27
1447,1120,1121,95
1448,1121,1122,73
1449,1117,1127,24
1450,1127,1128,36
1451,1127,1129,44
1452,1129,1130,14
1453,1130,1131,14
1454,1131,1132,36
1455,1126,1134,245
1456,1132,1135,42
1457,1135,1133,80
1458,1134,1133,8
1459,1134,1136,164
1460,1133,1141,164
1461,1136,1141,10
1462,1136,1137,190
1463,1141,1142,191
1464,1142,1138,23
1465,1137,1142,9
1466,1137,1139,29
1467,1138,1139,12
1468,1139,1140,56
1469,1124,1143,23
1470,1143,1144,49
1471,936,1154,92
1472,1154,1153,24
1473,1153,1152,26
1474,1152,1151,29
1475,1151,1150,93
1476,1150,1149,28
1477,1154,1151,25
1478,1149,1148,27
1479,1148,1147,31
1480,1150,1147,26
1481,1147,1145,58
1482,1146,1145,26
1483,1145,1155,73
1484,1155,1143,65
1485,1156,1,57
1486,1157,1156,138
1487,1159,4,80
1488,1160,1159,86
1489,1161,1160,94
1490,1165,1157,93
1491,1161,1161,0
1492,1161,1162,75
1493,1164,1162,20
1494,1162,1163,39
1495,1175,1161,60
1496,1167,1165,85
1497,1176,1175,90
1498,1177,1176,78
1499,1178,1177,117
1500,1168,1167,94
1501,1169,1168,37
1502,1173,1169,44
1503,1173,1168,46
1504,1169,1170,25
1505,1170,1171,77
1506,1172,1171,23
1507,1174,1173,111
1508,992,1179,47
1509,1179,1180,17
1510,1180,1181,73
1511,1181,1182,20
1512,494,1190,31
1513,1190,1192,42
1514,1190,1191,46
1515,1191,1196,17
1516,1191,1191,0
1517,1191,1195,32
1518,1195,1193,47
1519,1193,1194,41
1520,1193,496,49
1521,1195,1198,14
1522,1198,1199,13
1523,1199,1200,38
1524,1200,1201,29
1525,1201,1202,34
1526,496,1203,31
1527,1203,497,8
1528,497,498,18
1529,498,1203,20
1530,1203,1204,80
1531,1204,1205,16
1532,1205,1206,8
1533,1206,1207,17
1534,1207,1208,50
1535,1208,1209,93
1536,1209,1210,88
1537,1210,449,82
1538,1204,1211,23
1539,1204,1212,31
1540,496,496,0
1541,496,1212,79
1542,1193,1198,45
1543,1193,1199,51
1544,496,1199,46
1545,1212,1213,25
1546,1211,1213,31
1547,1211,1215,27
1548,1215,1214,33
1549,1213,1214,29
1550,1220,554,173
1551,1219,1220,53
1552,1218,1219,126
1553,1217,1218,25
1554,1212,1221,27
1555,1221,1217,21
1556,1214,1230,12
1557,1230,1218,30
1558,1230,1223,113
1559,1223,1224,38
1560,1224,1225,36
1561,1225,1226,24
1562,1226,1227,65
1563,1227,555,153
1564,1214,1229,41
1565,1229,1228,41
1566,1229,1222,24
1567,1222,1228,30
1568,1228,1232,52
1569,1232,1233,18
1570,1233,1226,109
1571,1226,1231,84
1572,1227,1231,64
1573,1215,1216,34
1574,1216,1234,34
1575,1234,1222,31
1576,1254,1216,90
1577,1254,451,40
1578,451,1256,47
1579,1256,1255,54
1580,1255,1234,50
1581,1234,1235,31
1582,1222,1236,26
1583,1236,1228,32
1584,1228,1237,65
1585,1237,1238,53
1586,1238,1239,55
1587,1239,1240,38
1588,1235,1240,21
1589,1228,1241,88
1590,1238,1241,87
1591,1241,1242,118
1592,1242,1243,26
1593,1243,1244,28
1594,1244,1245,23
1595,1245,1246,15
1596,1231,1246,93
1597,555,1263,115
1598,1231,1257,59
1599,1257,1258,52
1600,1258,1259,28
1601,1246,1258,96
1602,1246,1247,167
1603,1247,1248,59
1604,1249,1248,130
1605,1250,1251,44
1606,1252,1251,70
1607,1253,1252,39
1608,1264,1249,58
1609,1253,1264,38
1610,1259,1263,59
1611,1259,1260,24
1612,1260,1261,32
1613,1261,1262,33
1614,1263,1262,75
1615,1262,1265,35
1616,1265,1266,158
1617,1266,1267,41
1618,1182,1183,55
1619,1183,1184,44
1620,1184,1185,20
1621,1185,1188,20
1622,1185,1186,49
1623,1186,1187,28
1624,1187,1188,41
1625,1188,1319,25
1626,1319,1189,30
1627,1189,1281,45
1628,1189,1320,167
1629,1320,1321,20
1630,1320,1322,16
1631,1321,1322,24
1632,358,1329,44
1633,1329,434,55
1634,450,1330,126
1635,1330,1332,16
1636,1330,1331,48
1637,1322,1323,31
1638,1323,1324,17
1639,1324,1325,22
1640,1325,1326,14
1641,1326,1327,16
1642,1323,1327,45
1643,1327,358,49
1644,358,1328,50
1645,1328,1333,56
1646,1333,1334,58
1647,1334,1335,45
1648,937,1336,64
1649,1336,1312,73
1650,1312,1317,34
1651,1317,1318,20
1652,1312,1310,32
1653,1312,1311,29
1654,1310,1311,32
1655,1309,1310,11
1656,1309,1313,56
1657,1316,1309,35
1658,1313,1314,31
1659,1314,1315,19
1660,1315,1316,56
1661,1308,1307,37
1662,1307,1309,38
1663,1308,1309,70
1664,1308,1004,76
1665,1303,1004,73
1666,1303,1305,35
1667,1306,1305,48
1668,1304,1303,30
1669,1305,1304,54
1670,1306,1304,86
1671,1305,1307,123
1672,992,1269,56
1673,1269,1270,26
1674,1270,1268,77
1675,1183,1268,34
1676,937,1337,85
1677,1337,1342,54
1678,1337,1338,52
1679,1338,1339,48
1680,1339,1340,54
1681,1342,1341,65
1682,1341,1343,57
1683,1343,1346,58
1684,1342,1343,117
1685,1341,1340,80
1686,1346,1345,44
1687,1345,1344,61
1688,1340,1344,52
1689,1340,1347,63
1690,1346,1346,0
1691,1346,1348,36
1692,1348,1144,113
1693,1311,1302,96
1694,1302,1301,86
1695,1302,1357,99
1696,1357,1357,0
1697,1357,1347,73
1698,1357,1361,90
1699,1347,1358,48
1700,1358,1359,42
1701,1358,1360,26
1702,1360,1361,28
1703,1144,1349,136
1704,1350,1349,46
1705,1350,1351,18
1706,1350,1352,31
1707,1352,1353,58
1708,1363,1353,26
1709,1359,1364,42
1710,1353,1354,38
1711,1354,1355,37
1712,1354,1356,32
1713,1355,1356,34
1714,1361,1362,59
1715,1362,1355,95
1716,1362,1365,43
1717,1365,1366,54
1718,1366,1368,142
1719,1367,1368,39
1720,1301,1367,142
1721,1366,1371,67
1722,1371,1370,124
1723,1369,1370,47
1724,1368,1369,81
1725,1369,1372,33
1726,1372,1370,35
1727,1268,1275,20
1728,1275,1274,37
1729,1270,1274,42
1730,1274,1273,11
1731,1275,1276,17
1732,1273,1276,40
1733,1273,1272,36
1734,1268,1277,34
1735,1277,1278,33
1736,1276,1278,31
1737,1278,1279,45
1738,1280,1279,41
1739,1280,1272,26
1740,1272,1271,32
1741,1270,1271,65
1742,1281,1282,25
1743,1282,1283,62
1744,1283,1284,38
1745,1283,1285,37
1746,1285,1286,30
1747,1285,1287,68
1748,1288,1287,47
1749,1287,1289,63
1750,1290,1289,131
1751,1291,1290,61
1752,1291,1293,17
1753,1291,1294,23
1754,1294,1295,15
1755,1292,1295,17
1756,1299,1290,116
1757,992,1296,118
1758,1296,1298,36
1759,1299,1300,34
1760,1296,1297,39
1761,1296,1299,103
1762,1299,1301,79
1763,1300,1301,60
1764,1282,1375,117
1765,1375,1376,35
1766,1376,1377,51
1767,1375,1374,21
1768,1374,1378,41
1769,1378,1377,47
1770,1378,1379,32
1771,1379,1380,50
1772,1377,1380,36
1773,1376,1333,62
1774,1349,1382,289
1775,1382,1383,36
1776,1381,1382,90
1777,1349,1381,208
1778,1381,1383,89
1779,1356,1390,51
1780,1390,1391,67
1781,1391,1392,51
1782,1392,1389,51
1783,1389,1388,18
1784,1387,1388,21
1785,1389,1387,26
1786,1387,1385,44
1787,1386,1385,28
1788,1382,1384,47
1789,1385,1385,0
1790,1385,1384,44
1791,1393,1362,47
1792,1359,1393,52
1793,1393,1363,85
1794,1395,1389,19
1795,1289,1400,23
1796,1400,1399,34
1797,1399,1396,71
1798,1398,1396,38
1799,1397,1398,71
1800,1397,1368,15
1801,1367,1397,38
1802,1396,1396,0
1803,1396,1372,38
1804,1398,1372,51
1805,1372,1402,29
1806,1403,1402,64
1807,1406,1407,50
1808,1407,1408,40
1809,1406,1401,46
1810,1289,1401,92
1811,1335,1413,106
1812,1413,1412,66
1813,1412,1330,54
1814,1410,1409,26
1815,1406,1409,84
1816,1412,1411,20
1817,1409,1411,138
1818,1415,1414,60
1819,1411,1414,35
1820,1414,1416,107
1821,1417,1416,85
1822,1417,1405,98
1823,1405,1416,100
1824,1405,1426,15
1825,1402,1405,98
1826,1402,1404,95
1827,1426,1427,31
1828,1416,1428,43
1829,1428,1429,70
1830,1418,1429,50
1831,1429,1422,29
1832,1422,1423,22
1833,1424,1423,31
1834,1423,1425,76
1835,1429,1419,63
1836,1429,1420,63
1837,1419,1420,24
1838,1420,1421,45
1839,1422,1421,49
1840,1426,1430,51
1841,1430,1431,41
1842,1431,1433,66
1843,1430,1432,62
1844,1432,1433,11
1845,1432,1434,19
1846,1433,1434,14
1847,1404,1394,78
1848,1394,1437,74
1849,1437,1438,58
1850,1438,1436,71
1851,1439,1428,16
1852,1427,1439,49
1853,1439,1440,40
1854,1440,1434,69
1855,1434,1441,43
1856,1434,1435,54
1857,1435,1442,28
1858,1441,1442,39
1859,1441,1425,42
1860,1421,1447,35
1861,1447,1448,68
1862,1425,1444,25
1863,1444,1445,58
1864,1445,1446,42
1865,1435,1436,21
1866,1436,1443,16
1867,1394,1457,51
1868,1457,1395,70
1869,1389,1449,46
1870,1449,1450,37
1871,1450,1451,39
1872,1451,1452,41
1873,1453,1452,32
1874,1453,1455,26
1875,1455,1456,140
1876,1453,1454,158
1877,1454,1456,23
1878,1456,1139,37
1879,1443,1461,69
1880,1461,1458,65
1881,1460,1461,40
1882,1460,1459,29
1883,1459,1458,40
1884,1458,1454,62
1885,1454,1462,50
1886,1456,1462,46
1887,1448,1446,76
1888,1446,1468,95
1889,1467,1468,27
1890,1467,1466,24
1891,1466,1465,38
1892,1465,1464,22
1893,1463,1464,37
1894,1140,1469,123
1895,1462,1463,126
1896,1463,1469,42
1897,1469,1472,23
1898,1469,1474,66
1899,1472,1473,67
1900,1474,1473,19
1901,1474,1475,57
1902,1475,1476,85
1903,1476,1477,16
1904,1478,1477,80
1905,1478,1479,63
1906,1477,1480,67
1907,1481,1480,40
1908,1480,1483,18
1909,1480,1482,26
1910,1479,1484,198
1911,1484,1485,127
1912,1485,1486,67
1913,1330,1330,0
1914,1330,1487,52
1915,1411,1487,33
1916,1487,1488,49
1917,1414,1488,81
1918,1488,1490,35
1919,1490,1491,19
1920,1491,1492,100
1921,1492,1493,49
1922,1493,1494,59
1923,1492,1494,25
1924,1494,1495,38
1925,1495,1496,31
1926,1489,1496,38
1927,1488,1489,113
1928,1496,1501,49
1929,1495,1498,34
1930,1498,1499,35
1931,1499,1500,48
1932,1493,1448,93
1933,1256,1505,94
1934,1505,1504,31
1935,1504,1503,47
1936,444,1502,129
1937,1502,1503,53
1938,1506,1503,69
1939,1502,1501,65
1940,1507,1506,38
1941,1507,1507,0
1942,1507,1498,95
1943,1513,1253,43
1944,1513,1512,39
1945,1511,1512,31
1946,1510,1511,36
1947,1509,1510,29
1948,1508,1509,68
1949,1500,1508,24
1950,1249,1515,70
1951,1249,1514,187
1952,1515,1516,64
1953,1516,1514,62
1954,1516,1517,80
1955,1514,1517,18
1956,1517,1518,39
1957,1500,1523,129
1958,1523,1521,119
1959,1523,1524,116
1960,1524,1525,94
1961,1521,1470,100
1962,1521,1520,68
1963,1520,1522,59
1964,1520,1470,62
1965,1525,1470,22
1966,1463,1470,80
1967,1470,1471,47
1968,1472,1471,47
1969,1470,1522,27
1970,1522,1527,156
1971,1520,1526,97
1972,1500,1519,168
1973,1519,1520,109
1974,1519,1528,46
1975,1249,1528,259
1976,1526,1527,59
1977,1471,1530,19
1978,1529,1530,20
1979,1471,1529,17
1980,1530,1531,47
1981,1532,1529,309
1982,1532,1533,54
1983,1533,1534,54
1984,1518,1535,39
1985,1534,1535,16
1986,1535,1536,108
1987,1536,1538,273
1988,1267,1539,67
1989,1267,1538,61
1990,1518,1541,94
1991,1540,1518,247
1992,1541,1542,111
1993,1542,1543,65
1994,1543,1544,67
1995,1540,1267,129
1996,1267,1544,44
1997,1531,1549,35
1998,1549,1545,240
1999,1545,1546,271
2000,1546,1550,242
2001,1550,1548,64
2002,1548,1551,35
2003,1548,1552,144
2004,1553,1554,51
2005,1554,1552,39
2006,1552,1555,106
2007,1555,1556,132
2008,1550,1547,23
2009,1547,1557,20
2010,1557,1558,63
2011,1551,1559,69
2012,1558,1559,58
2013,1559,1560,179
2014,1560,1561,58
2015,1562,1561,68
2016,1560,1562,35
2017,1562,1563,120
2018,1564,1563,20
2019,1564,1565,8
2020,1565,1566,63
2021,1566,1567,49
2022,1567,1568,64
2023,1568,1569,40
2024,1569,1570,35
2025,1570,1571,27
2026,1572,1571,64
2027,1573,1572,44
2028,1574,1573,97
2029,1575,1574,33
2030,1486,1546,80
2031,1533,1576,40
2032,1576,1577,495
2033,1577,1556,19
2034,1556,1578,48
2035,1579,1578,44
2036,1534,1580,37
2037,1580,1579,462
2038,1539,1581,393
2039,757,1581,329
2040,1539,1582,22
2041,787,1583,81
2042,1583,1584,34
2043,1586,1584,91
2044,1585,1583,71
2045,1585,1586,31
2046,553,1586,29
2047,1586,1587,27
2048,1587,1588,52
2049,1589,1588,25
2050,1591,1589,12
2051,1590,1591,12
2052,1590,1592,83
2053,1592,1593,26
2054,1593,1594,46
2055,1594,1595,24
2056,1596,1595,36
2057,1597,1596,38
2058,1597,1598,37
2059,1598,1599,31
2060,1599,1600,91
2061,1600,1601,24
2062,1602,1601,68
2063,1602,1603,39
2064,1603,1604,30
2065,1605,1602,30
2066,1605,1606,37
2067,1606,1607,103
2068,1607,1539,21
2069,1582,1608,330
2070,1608,1609,53
2071,1581,1610,55
2072,1609,1611,49
2073,1610,1613,135
2074,1612,1611,133
2075,757,1615,23
2076,1612,1615,124
2077,1613,1614,31
2078,1614,757,107
2079,754,755,26
2080,1538,1616,59
2081,1616,1617,18
2082,1535,1618,45
2083,1618,1619,42
2084,1619,1620,48
2085,1620,1621,48
2086,1621,1622,78
2087,1622,1623,79
2088,1623,1623,0
2089,1623,1624,56
2090,1527,1518,252
2091,1622,1629,49
2092,1629,1630,31
2093,1629,1628,36
2094,1624,1625,53
2095,1625,1626,28
2096,1627,1626,35
2097,1628,1631,75
2098,1631,1632,45
2099,1634,1632,31
2100,1636,1635,38
2101,1635,1634,67
2102,1635,1637,51
2103,1616,1644,50
2104,1617,1640,18
2105,1640,1641,37
2106,1641,1642,37
2107,1643,1642,47
2108,1644,1643,51
2109,1644,1645,40
2110,1645,1646,37
2111,1646,1647,13
2112,1647,1648,28
2113,1645,1649,22
2114,1649,1648,19
2115,1638,1637,52
2116,1639,1638,25
2117,1632,1633,26
2118,1579,1650,61
2119,1578,1651,43
2120,1650,1651,32
2121,1650,1652,59
2122,1652,1653,35
2123,1653,1661,25
2124,1661,1662,20
2125,1654,1653,52
2126,1654,1655,40
2127,1656,1655,60
2128,1663,1662,43
2129,1656,1663,66
2130,1657,1656,43
2131,1658,1657,47
2132,1658,1659,53
2133,1659,1660,32
2134,1664,1660,45
2135,1665,1664,39
2136,1628,1665,27
2137,1551,1666,160
2138,1666,1667,55
2139,1667,1668,82
2140,1668,1669,81
2141,1669,1670,60
2142,1670,1671,59
2143,1671,1672,22
2144,1672,1673,53
2145,1673,1674,57
2146,1675,1674,45
2147,1676,1675,30
2148,1678,1676,57
2149,1676,1677,34
2150,1678,1677,67
2151,1633,1680,48
2152,1680,1679,66
2153,1679,1678,64
2154,1678,1683,56
2155,1683,1684,40
2156,1677,1684,45
2157,1677,1686,51
2158,1685,1686,29
2159,1686,1682,64
2160,1681,1682,51
2161,1686,1681,37
2162,1682,1688,39
2163,1681,1688,31
2164,1681,1687,27
2165,1687,1688,31
2166,1687,1690,69
2167,1692,1690,37
2168,1690,1691,47
2169,1693,1691,40
2170,1689,1681,198
2171,1691,1694,36
2172,1695,1696,33
2173,1695,1699,37
2174,1699,1694,32
2175,1694,1698,48
2176,1696,1697,47
2177,1698,1697,53
2178,1702,1689,57
2179,1702,1703,54
2180,1689,1703,21
2181,1702,1701,46
2182,1703,1701,40
2183,1701,1700,54
2184,1703,1700,74
2185,1700,1695,62
2186,1701,1704,46
2187,1705,1704,58
2188,1706,1705,61
2189,1707,1706,52
2190,1697,1708,22
2191,1709,1708,40
2192,1708,1710,41
2193,1711,1710,46
2194,1712,1710,81
2195,1705,1714,80
2196,1714,1712,61
2197,1714,1715,62
2198,1715,1716,17
2199,1716,1717,25
2200,1712,1713,29
2201,1716,1713,25
2202,1713,1718,27
2203,1715,1719,71
2204,1719,1720,33
2205,1721,1719,43
2206,1721,1722,38
2207,1633,1723,71
2208,1723,1724,76
2209,1724,1725,19
2210,1726,1725,36
2211,1727,1723,108
2212,1725,1728,31
2213,1728,1729,45
2214,1728,1730,40
2215,1731,1730,35
2216,1731,1732,21
2217,1732,1733,27
2218,1734,1733,62
2219,1734,1735,60
2220,1735,1727,41
2221,1736,1735,54
2222,1736,1737,30
2223,1649,1739,34
2224,1739,1738,57
2225,1738,1737,46
2226,1649,1740,29
2227,1740,1741,56
2228,1741,1742,44
2229,1742,1743,64
2230,1743,1744,79
2231,1744,1745,48
2232,1745,1746,65
2233,1729,1702,47
2234,1702,1704,69
2235,1705,1749,64
2236,1707,1749,38
2237,1747,1707,26
2238,1748,1747,72
2239,1747,1750,25
2240,1750,1749,34
2241,1754,1750,20
2242,1750,1751,75
2243,1755,1754,50
2244,1753,1755,32
2245,1753,1752,53
2246,1752,1751,38
2247,1751,1756,75
2248,1756,1721,32
2249,1746,1757,22
2250,1757,1752,137
2251,1758,1746,56
2252,1759,1758,53
2253,1759,1760,52
2254,1760,1761,58
2255,1761,1762,77
2256,1763,1721,19
2257,1763,1764,31
2258,1764,1765,42
2259,1763,1766,33
2260,1765,1767,12
2261,1766,1767,42
2262,1766,1768,47
2263,1767,1768,28
2264,1768,1769,90
2265,1770,1769,39
2266,1770,1771,66
2267,1771,1772,36
2268,1769,1772,62
2269,1767,1773,40
2270,1765,1774,50
2271,1773,1776,72
2272,1768,1779,89
2273,1777,1782,54
2274,1779,1777,21
2275,1778,1779,23
2276,1778,1780,54
2277,1779,1781,50
2278,1773,1778,57
2279,1617,1784,171
2280,1784,1785,112
2281,1785,1745,89
2282,1785,1786,47
2283,1786,1787,77
2284,1786,1788,109
2285,1787,1788,43
2286,1788,1789,54
2287,1789,1790,61
2288,1790,1791,59
2289,1791,1793,29
2290,1791,1792,135
2291,1775,1776,10
2292,1793,1794,126
2293,1794,1795,11
2294,1795,1797,28
2295,1795,1796,14
2296,1799,1797,39
2297,1800,1797,41
2298,1800,1799,45
2299,1799,1798,46
2300,1798,1796,62
2301,1801,1800,120
2302,1801,1786,149
2303,756,1802,67
2304,1802,1801,183
2305,1802,1799,108
2306,756,1804,44
2307,1803,1798,103
2308,1804,1803,49
2309,1803,1805,146
2310,1811,1805,107
2311,1809,1811,67
2312,1795,1812,37
2313,1812,1792,34
2314,1812,1813,21
2315,1813,1814,45
2316,1796,1808,53
2317,1808,1809,56
2318,1809,1810,41
2319,1814,1815,50
2320,1792,1815,65
2321,1815,1817,65
2322,1817,1816,53
2323,1816,1818,59
2324,1818,1823,30
2325,1783,1823,49
2326,1783,1775,27
2327,1821,1783,35
2328,1820,1818,24
2329,1821,1820,77
2330,1819,1820,14
2331,1822,1821,24
2332,1751,1826,50
2333,1789,1826,139
2334,1826,1825,42
2335,1825,1824,133
2336,1824,1783,44
2337,1805,1806,47
2338,1806,1807,61
2339,1806,783,52
2340,783,1828,29
2341,1827,1828,160
2342,1816,1827,74
2343,1776,1829,41
2344,1829,1830,45
2345,1830,1831,29
2346,1832,1833,30
2347,1830,1832,25
2348,1832,1834,39
2349,1835,1834,33
2350,1834,1836,18
2351,1837,1836,36
2352,1836,1838,128
2353,1838,1839,18
2354,1839,1840,25
2355,784,1845,114
2356,1845,1844,56
2357,1844,1843,54
2358,1829,1841,20
2359,1841,1842,57
2360,1843,1842,63
2361,784,1846,192
2362,836,835,32
2363,836,837,48
2364,1846,837,41
2365,835,842,62
2366,837,838,76
2367,1846,1847,176
2368,838,839,65
2369,842,1848,113
2370,839,1848,20
2371,839,840,23
2372,840,841,22
2373,1848,1849,150
2374,840,1849,134
2375,1849,1850,29
2376,1849,1851,37
2377,1852,1851,298
2378,1853,1852,288
2379,1854,1853,611
2380,1855,1854,136
2381,1856,1855,282
2382,1862,713,53
2383,1863,1862,109
2384,1859,1863,173
2385,1865,1866,19
2386,1865,1864,54
2387,1864,1866,49
2388,1864,1859,37
2389,834,1857,118
2390,1867,834,28
2391,1858,1867,43
2392,1859,1860,76
2393,1860,1858,118
2394,1859,1861,115
2395,1861,1860,78
2396,1861,1873,88
2397,1873,1872,57
2398,1871,1872,20
2399,1870,1871,96
2400,1869,1870,29
2401,1868,1869,32
2402,1868,1859,156
2403,1874,1869,63
2404,1874,1875,18
2405,1875,1879,25
2406,1879,1876,32
2407,1876,1877,46
2408,1875,1878,87
2409,1878,1877,20
2410,1871,1880,20
2411,1881,1880,80
2412,1881,1882,16
2413,1882,1884,49
2414,1881,1883,48
2415,1883,1884,19
2416,1883,1886,17
2417,1883,1889,29
2418,1884,1889,14
2419,1889,1885,63
2420,1887,1885,43
2421,1888,1887,26
2422,1890,1887,35
2423,1880,1891,73
2424,1891,1890,71
2425,1891,1892,26
2426,1893,1874,370
2427,1894,1866,27
2428,1895,1894,37
2429,1896,1895,27
2430,1897,1896,49
2431,1898,1897,26
2432,1899,1898,32
2433,1901,1900,42
2434,1900,1899,31
2435,1902,1901,29
2436,1903,1902,34
2437,1904,1903,28
2438,1905,1904,45
2439,1906,1905,34
2440,1907,1893,56
2441,1907,1908,65
2442,1908,1909,59
2443,1909,1910,78
2444,1910,1856,74
2445,1916,1914,342
2446,1914,1913,31
2447,1915,1914,42
2448,1911,1906,72
2449,1913,1912,70
2450,1912,1911,99
2451,1921,1922,88
2452,1926,1925,13
2453,1925,1924,85
2454,1924,1923,66
2455,1923,1922,61
2456,1920,1921,88
2457,1928,1920,72
2458,1927,1928,76
2459,1926,1927,51
2460,1917,1918,27
2461,1918,1919,27
2462,1919,1920,40
2463,1917,1929,41
2464,1930,1929,58
2465,1931,1930,55
2466,1932,1931,57
2467,1933,1932,67
2468,1934,1933,66
2469,1935,1934,78
2470,1936,1935,82
2471,1937,1936,91
2472,1938,1937,86
2473,1939,1938,73
2474,1940,1939,49
2475,615,1942,21
2476,1942,1943,27
2477,1941,1943,61
2478,1941,633,43
2479,614,1941,124
2480,581,701,57
2481,570,1944,68
2482,701,1944,94
2483,701,1945,59
2484,1945,1946,23
2485,1946,1947,34
2486,1947,1948,49
2487,1948,614,40
2488,1949,614,48
2489,1864,1951,113
2490,1950,1951,29
2491,1952,1950,49
2492,1953,636,38
2493,1953,1952,69
2494,1954,1953,168
2495,1949,1954,184
2496,1955,1949,22
2497,1956,1955,29
2498,1957,1956,21
2499,1958,1957,42
2500,1958,1959,71
2501,698,1960,18
2502,1960,614,323
2503,1961,1949,305
2504,1961,1960,45
2505,1963,699,17
2506,1963,1962,47
2507,1962,1961,78
2508,1964,1961,29
2509,1964,1965,61
2510,1962,1967,29
2511,1967,1968,38
2512,1968,1969,61
2513,1969,1970,100
2514,1971,1970,23
2515,1972,1971,51
2516,1973,1972,21
2517,1974,1973,34
2518,1975,1974,39
2519,1965,1966,202
2520,1966,1976,17
2521,1980,1966,32
2522,1981,1980,26
2523,1982,1981,59
2524,1983,1982,85
2525,1979,1959,16
2526,1976,1977,17
2527,1978,1977,58
2528,1978,1979,187
2529,1984,1980,28
2530,1990,1984,23
2531,1990,1980,30
2532,1985,1990,34
2533,1986,1985,95
2534,1987,1983,11
2535,1987,1986,61
2536,1988,1987,50
2537,1989,1988,47
2538,1989,1975,61
2539,1991,1989,42
2540,1992,1991,177
2541,1993,1992,36
2542,1994,1993,40
2543,2009,1986,50
2544,1995,2009,65
2545,1996,1995,69
2546,1997,1996,51
2547,1996,2006,77
2548,2006,2007,60
2549,2007,2008,78
2550,1998,1996,56
2551,1999,1998,20
2552,2000,1999,71
2553,2001,2000,40
2554,2002,2001,45
2555,2003,2000,184
2556,2003,2005,24
2557,2004,2005,25
2558,2003,2004,28
2559,2010,2004,111
2560,2011,2010,47
2561,2010,2012,86
2562,2013,2012,65
2563,2014,2013,68
2564,2015,2014,66
2565,2015,2013,113
2566,2019,2015,60
2567,2016,2015,51
2568,2016,2019,38
2569,2018,2019,139
2570,2020,2018,99
2571,2020,2021,35
2572,2021,2016,76
2573,2018,2022,54
2574,2023,2022,102
2575,2024,1988,38
2576,2024,1987,65
2577,2025,2024,17
2578,2026,2025,121
2579,2026,2027,25
2580,2028,2027,31
2581,2029,2028,90
2582,2030,2029,137
2583,1994,2031,44
2584,2032,2031,55
2585,693,2032,25
2586,2042,2031,24
2587,2041,2042,42
2588,2041,2032,34
2589,2032,2033,82
2590,2033,2034,22
2591,2034,2035,16
2592,2035,2036,113
2593,2036,2037,19
2594,2037,2038,52
2595,2038,2039,25
2596,2039,2040,24
2597,674,2040,38
2598,676,2040,39
2599,684,2043,20
2600,2043,696,39
2601,690,2043,82
2602,2031,2045,132
2603,2045,2044,98
2604,2044,1963,67
2605,2047,1962,136
2606,2046,2047,87
2607,1994,2046,65
2608,2050,2030,57
2609,2049,2050,65
2610,2049,2048,121
2611,2022,2051,55
2612,2048,2022,83
2613,2023,2049,157
2614,2052,2049,129
2615,2054,2023,42
2616,2054,2055,67
2617,2053,2052,115
2618,2057,2053,196
2619,2056,2055,170
2620,2021,2060,120
2621,2020,2060,110
2622,2019,2060,49
2623,2057,2058,32
2624,2058,2059,30
2625,2059,2061,26
2626,2056,2062,26
2627,2061,2062,47
2628,2062,2021,143
2629,2056,2021,149
2630,2016,2017,40
2631,2017,2015,58
2632,2063,2017,101
2633,2061,2063,163
2634,2064,1987,100
2635,2064,2065,63
2636,704,2067,266
2637,2067,2068,24
2638,2068,2069,26
2639,2069,2072,25
2640,2070,694,16
2641,2070,2071,13
2642,2071,2072,25
2643,2069,2066,115
2644,2072,2073,31
2645,2073,2074,15
2646,2074,693,21
2647,2066,2042,45
2648,1917,2075,42
2649,2076,2075,83
2650,2077,2076,39
2651,2078,2077,61
2652,2079,2078,432
2653,2080,2079,299
2654,2081,2080,124
2655,2082,2081,152
2656,2083,2082,98
2657,2084,2083,30
2658,2085,2084,29
2659,2085,2086,182
2660,2089,2085,96
2661,2086,2087,266
2662,2087,2088,91
2663,2087,2059,45
2664,2089,2090,147
2665,2090,2091,142
2666,2030,2092,112
2667,2092,1994,96
2668,2093,2091,47
2669,2091,2094,124
2670,2095,2094,26
2671,2096,2095,27
2672,2097,2096,60
2673,2095,2098,37
2674,2098,2099,26
2675,2099,2100,26
2676,2110,2100,38
2677,2109,2110,42
2678,2108,2109,21
2679,2108,2107,37
2680,2107,2110,34
2681,2102,2101,35
2682,2103,2102,62
2683,2104,2103,53
2684,2106,2107,132
2685,2105,2106,24
2686,2105,2104,39
2687,2100,2058,59
2688,2100,2124,82
2689,2124,2123,82
2690,2122,2123,50
2691,2121,2122,41
2692,2120,2121,72
2693,2120,2119,77
2694,2118,2119,78
2695,2117,2118,37
2696,2118,2126,37
2697,2116,2117,67
2698,2115,2116,48
2699,2115,2114,184
2700,2114,2113,111
2701,2113,2112,24
2702,2112,2111,30
2703,2111,2109,175
2704,2115,2127,37
2705,2128,2127,72
2706,2129,2127,26
2707,2129,2131,18
2708,2130,2131,18
2709,2130,2132,36
2710,2132,2133,86
2711,2133,2126,81
2712,2141,2066,42
2713,2140,2141,66
2714,2139,2140,52
2715,2139,2030,56
2716,2138,2139,45
2717,2137,2138,90
2718,2136,2137,71
2719,2135,2136,85
2720,2134,2135,92
2721,2126,2134,69
2722,2142,704,129
2723,2143,2142,21
2724,259,2143,97
2725,2145,2144,32
2726,259,2144,16
2727,2145,259,27
2728,2146,2145,78
2729,223,2146,31
2730,2157,221,25
2731,2157,223,84
2732,2156,2157,40
2733,2155,2156,47
2734,2147,2146,66
2735,2148,2147,51
2736,2149,2148,77
2737,2154,2155,41
2738,2154,2149,36
2739,2150,2149,29
2740,2151,2150,41
2741,2152,2151,53
2742,2152,2153,35
2743,2158,2153,47
2744,2161,2160,50
2745,2160,2159,37
2746,2159,2154,36
2747,2162,2089,35
2748,2163,2162,320
2749,2164,2163,303
2750,2165,2164,561
2751,2166,2165,69
2752,2167,2166,379
2753,2168,2167,294
2754,2169,2168,397
2755,2170,2169,85
2756,2171,2170,212
2757,2176,2171,15
2758,2179,2128,38
2759,2178,2179,101
2760,2177,2178,139
2761,2177,2180,24
2762,2182,2180,32
2763,2182,2181,64
2764,2181,2177,64
2765,2181,2185,57
2766,2185,2183,23
2767,2183,2184,29
2768,2189,2130,80
2769,2188,2189,23
2770,2186,2187,19
2771,2187,2188,54
2772,2184,2186,244
2773,2192,704,42
2774,2193,2192,33
2775,2194,2193,38
2776,2191,2194,56
2777,2190,2191,41
2778,2144,2190,184
2779,2195,2191,131
2780,2196,2195,33
2781,2196,2197,63
2782,2198,2197,16
2783,2199,2198,62
2784,2199,2196,84
2785,2200,2199,109
2786,2201,2200,43
2787,2200,2132,71
2788,2201,2132,55
2789,2207,2185,27
2790,2182,2202,31
2791,2207,2210,69
2792,2210,2202,56
2793,2202,2203,20
2794,2204,2203,25
2795,2205,2204,26
2796,2206,2205,181
2797,2211,2206,137
2798,2208,2207,148
2799,2209,2208,101
2800,2211,2209,26
2801,2206,2214,20
2802,2215,2214,12
2803,2216,2215,202
2804,2213,2211,45
2805,2216,2213,8
2806,2217,2216,154
2807,2212,2213,156
2808,2218,2216,26
2809,2219,2217,26
2810,2224,2225,22
2811,2225,2226,16
2812,2226,2218,60
2813,2224,2223,92
2814,2223,2218,14
2815,2218,2222,133
2816,2221,2222,19
2817,2223,2221,145
2818,2227,2221,51
2819,2228,2223,71
2820,2224,2229,48
2821,2229,2219,21
2822,2230,2233,43
2823,2230,2219,17
2824,2230,2229,22
2825,2231,2229,31
2826,2232,2231,26
2827,2232,2230,34
2828,2232,2235,82
2829,2236,2235,27
2830,2237,2236,60
2831,2234,2237,27
2832,2241,2240,41
2833,2239,2240,46
2834,2238,2239,18
2835,2240,2233,46
2836,2242,2241,29
2837,2242,2244,58
2838,2245,2244,30
2839,2245,2212,131
2840,2217,2212,11
2841,2246,2227,18
2842,2247,2246,97
2843,2248,2247,19
2844,2249,2248,24
2845,2250,2249,37
2846,2251,2249,147
2847,2251,2252,52
2848,2252,2228,89
2849,2256,2250,29
2850,2253,2251,46
2851,2254,2253,121
2852,2255,2256,128
2853,2258,2255,70
2854,2254,2254,0
2855,2254,2258,36
2856,2256,2257,133
2857,2220,2215,26
2858,2259,2254,223
2859,2259,2260,27
2860,2261,2260,31
2861,2260,2262,67
2862,2262,2263,68
2863,2264,2263,29
2864,2263,2266,18
2865,2264,2265,80
2866,2265,2238,77
2867,2234,2266,80
2868,2238,2232,74
2869,2243,2242,50
2870,217,2267,103
2871,2268,2267,203
2872,2268,2269,91
2873,2267,2270,274
2874,2270,2274,44
2875,2274,2275,27
2876,2275,2276,40
2877,2276,2161,32
2878,2277,2161,27
2879,2278,2161,17
2880,2279,2277,75
2881,2280,2278,87
2882,219,2160,257
2883,2281,2270,54
2884,2271,2281,73
2885,2272,2271,17
2886,2272,2273,58
2887,2284,2281,74
2888,2282,2273,118
2889,2282,2283,20
2890,2283,2284,134
2891,2285,2243,112
2892,2176,2172,241
2893,2172,2173,161
2894,2287,2158,46
2895,2286,2287,31
2896,2287,2288,47
2897,2288,2187,207
2898,2153,2290,113
2899,2290,2289,91
2900,2289,2201,122
2901,2187,2295,42
2902,2293,2294,46
2903,2295,2294,32
2904,2158,2291,60
2905,2291,2292,70
2906,2292,2293,60
2907,2280,2298,41
2908,2298,2297,40
2909,2297,2296,47
2910,2296,2158,47
2911,2281,2279,49
2912,2279,2280,41
2913,2300,2280,50
2914,2299,2279,22
2915,2284,2299,74
2916,2301,2284,131
2917,2301,2300,183
2918,2302,2300,27
2919,2303,2302,208
2920,2304,2301,58
2921,2304,2303,17
2922,2304,2305,79
2923,2305,2283,35
2924,2305,2282,40
2925,2306,2304,35
2926,2244,2311,24
2927,2311,2310,24
2928,2310,2309,102
2929,2309,2308,151
2930,2308,2307,163
2931,2307,2297,103
2932,2306,2312,21
2933,2306,2313,59
2934,2314,2313,28
2935,2314,2305,35
2936,2315,2314,72
2937,2316,2315,58
2938,2316,2317,87
2939,2317,2318,64
2940,2317,2319,53
2941,2310,2326,66
2942,2326,2312,162
2943,2327,2326,46
2944,2325,2327,160
2945,2325,2324,47
2946,2324,2316,60
2947,2319,2321,63
2948,2321,2322,37
2949,2325,2320,110
2950,2320,2319,63
2951,2323,2320,124
2952,2323,2328,114
2953,2328,2329,45
2954,2330,2329,48
2955,2331,217,157
2956,2329,2331,137
2957,2332,2327,40
2958,2333,2332,52
2959,2170,2334,32
2960,2334,2333,388
2961,2169,2285,284
2962,2173,2174,102
2963,2174,2335,260
2964,2335,2175,444
2965,7,2175,288
2966,2336,2330,72
2967,2337,2330,72
2968,2338,2337,38
2969,2339,2338,310
2970,2340,2336,303
2971,2174,2341,52
2972,2335,2341,214
2973,2341,2342,184
2974,2342,2343,91
2975,2343,2337,179
2976,2341,2344,107
2977,2344,2339,121
2978,2344,2342,123
2979,2345,2346,46
2980,2345,112,213
2981,2340,2346,215
2982,2330,2347,70
2983,2347,2348,136
2984,2348,2349,113
2985,2350,2349,26
2986,2351,2350,98
2987,2352,2351,95
2988,2353,2352,88
2989,2354,2353,119
2990,2355,2354,83
2991,2356,2355,47
2992,2355,103,46
2993,1178,2359,62
2994,2357,2358,72
2995,2357,1178,48
2996,2360,1174,146
2997,2361,2357,222
2998,2362,2360,283
2999,2369,2361,269
3000,2363,2362,131
3001,2364,2363,55
3002,2370,2369,89
3003,2366,2365,136
3004,2365,2364,168
3005,2371,2370,124
3006,2372,2371,119
3007,2373,2372,78
3008,2374,2373,134
3009,2367,2366,122
3010,2368,2367,129
3011,2375,2374,108
3012,2376,2375,142
3013,2380,2368,74
3014,2381,2380,188
3015,2382,2381,96
3016,2383,2382,71
3017,2377,2376,51
3018,2378,2377,178
3019,2379,2378,62
3020,2379,2383,61
3021,2384,2379,79
3022,2385,2384,101
3023,2387,2385,101
3024,2386,2385,88
3025,2393,2386,59
3026,2388,2387,98
3027,2389,2388,81
3028,2389,2390,31
3029,2390,2393,138
3030,2393,2394,79
3031,2392,2394,75
3032,2390,2391,51
3033,2391,2392,37
3034,2396,2390,83
3035,2397,2396,91
3036,2397,2398,88
3037,2395,2392,207
3038,2398,2399,73
3039,2399,2400,25
3040,2400,2401,37
3041,2401,2395,31
3042,2399,2404,94
3043,2402,2395,60
3044,2403,2402,92
3045,2404,2403,16
3046,2404,2405,72
3047,2405,2403,67
3048,2406,2343,245
3049,2407,2406,149
3050,2408,2407,120
3051,2409,2408,135
3052,2410,2409,34
3053,2409,2411,54
3054,2411,2412,19
3055,2412,2413,98
3056,2413,2414,51
3057,2414,2415,38
3058,2416,2415,54
3059,2416,2417,62
3060,2417,2418,76
3061,2422,2418,53
3062,2422,2419,48
3063,2420,2419,87
3064,2421,2420,48
3065,2423,2369,63
3066,2370,2424,71
3067,2424,2423,26
3068,2428,2424,43
3069,2429,2428,95
3070,2425,2429,97
3071,2426,2425,50
3072,2426,2427,50
3073,2427,2436,68
3074,2437,2436,34
3075,2430,2427,49
3076,2431,2430,93
3077,2432,2431,97
3078,2433,2432,89
3079,2434,2433,55
3080,2434,2435,45
3081,2436,2438,65
3082,2438,2442,72
3083,2438,2439,98
3084,2439,2440,93
3085,2440,2441,38
3086,2410,2411,64
3087,2446,2445,92
3088,2445,2444,108
3089,2444,2443,98
3090,2443,2410,69
3091,2446,2447,77
3092,2447,2448,103
3093,2448,2449,116
3094,2449,2410,71
3095,2450,2449,42
3096,2451,2451,0
3097,2451,2450,71
3098,2451,2452,46
3099,2453,2451,27
3100,2451,2454,132
3101,2454,2455,32
3102,2455,2452,131
3103,2455,2456,66
3104,2456,2458,39
3105,2456,2457,33
3106,2440,2459,32
3107,2459,2460,140
3108,2461,2460,46
3109,2461,2462,57
3110,2462,2465,30
3111,2465,2464,43
3112,2462,2463,48
3113,2463,2464,98
3114,2464,2466,39
3115,2467,2466,31
3116,2466,2468,28
3117,2468,2469,59
3118,2476,2454,63
3119,2477,2455,64
3120,2477,2478,32
3121,2473,2476,84
3122,2474,2477,82
3123,2476,2477,22
3124,2473,2474,26
3125,2474,2475,34
3126,2472,2473,79
3127,2470,2474,81
3128,2472,2470,24
3129,2470,2471,25
3130,2466,2472,37
3131,2468,2470,40
3132,2479,2480,58
3133,2480,2481,33
3134,2480,2482,167
3135,2482,2483,30
3136,2482,2484,69
3137,2484,2485,42
3138,2485,2486,29
3139,2486,2487,504
3140,2487,2488,218
3141,2488,4,129
3142,4,2489,65
3143,2490,2489,141
3144,1163,2490,66
3145,2491,2446,59
3146,2491,2492,76
3147,2493,2492,31
3148,2495,2491,80
3149,2494,2491,218
3150,2496,2495,59
3151,2497,2496,519
3152,2498,2497,135
3153,2494,2500,26
3154,2501,2500,112
3155,2502,2501,111
3156,2503,2502,57
3157,2504,2503,118
3158,2505,2504,112
3159,2505,2498,63
3160,2499,2498,104
3161,2506,2499,466
3162,2506,2507,95
3163,2405,2508,61
3164,2508,2509,110
3165,2509,2510,109
3166,2510,2506,138
3167,2405,2511,35
3168,2512,2511,38
3169,2513,2512,104
3170,2513,2516,83
3171,2516,2517,92
3172,2517,2518,63
3173,2518,2519,88
3174,2518,2520,51
3175,2514,2513,67
3176,2514,2515,45
3177,2515,2522,71
3178,2515,2521,68
3179,2515,2523,79
3180,2523,2524,46
3181,2514,2525,34
3182,2526,2525,52
3183,2525,2527,88
3184,2527,2522,73
3185,2522,2528,118
3186,2528,2529,46
3187,2530,2527,161
3188,2526,2531,73
3189,2532,2531,111
3190,2532,2533,40
3191,2533,2530,40
3192,2530,2534,73
3193,2534,2535,38
3194,2534,2536,65
3195,2543,2532,120
3196,2537,2530,65
3197,2537,2538,69
3198,2538,2539,49
3199,2538,2541,24
3200,2542,2541,22
3201,2543,2542,42
3202,2540,2539,124
3203,2547,2543,201
3204,2544,2538,68
3205,2545,2544,65
3206,2545,2546,39
3207,2547,2546,48
3208,2552,2547,173
3209,2546,2548,62
3210,2548,2549,63
3211,2549,2550,42
3212,2550,2551,33
3213,2555,2550,54
3214,2556,2555,65
3215,2553,2552,34
3216,2554,2553,61
3217,2560,2554,52
3218,2559,2560,27
3219,2554,2561,116
3220,2554,2556,48
3221,2556,2557,86
3222,2557,2558,53
3223,2561,2562,55
3224,2562,2558,70
3225,2558,2565,80
3226,2562,2563,87
3227,2566,2565,76
3228,2564,2563,132
3229,2567,2566,96
3230,2564,2567,27
3231,2567,2568,49
3232,2568,2569,38
3233,2570,2567,141
3234,2570,2571,23
3235,2571,2568,124
3236,2572,2570,85
3237,2573,2572,79
3238,2574,2573,86
3239,2575,2574,79
3240,2576,2575,80
3241,2577,2576,72
3242,2577,2578,30
3243,2578,2579,37
3244,2579,2580,28
3245,2581,2577,45
3246,2581,2582,72
3247,2582,2583,93
3248,2583,2584,43
3249,2584,2585,648
3250,2585,2586,630
3251,2586,2587,511
3252,2587,2588,581
3253,2588,2589,959
3254,2589,2590,79
3255,2590,2591,472
3256,2591,2592,368
3257,2593,2592,372
3258,2593,2594,364
3259,2594,2594,0
3260,2594,2595,183
3261,2595,2486,305
3262,2604,2603,51
3263,2603,2602,23
3264,2601,2602,174
3265,2598,2601,60
3266,2601,2597,61
3267,2598,2597,21
3268,2599,2598,62
3269,2600,2599,22
3270,2597,2596,46
3271,2605,2583,61
3272,2605,2582,36
3273,2606,2582,81
3274,2607,2606,356
3275,2608,2607,134
3276,2608,2609,138
3277,2612,2611,40
3278,2611,2610,72
3279,2610,2600,27
3280,2619,2620,147
3281,2618,2619,166
3282,2617,2618,195
3283,2616,2617,180
3284,2615,2616,202
3285,2596,2559,28
3286,2621,2615,31
3287,2614,2621,27
3288,2622,2624,12
3289,2624,2623,23
3290,2624,2612,42
3291,2613,2614,77
3292,2612,2613,92
3293,2625,2620,28
3294,2626,2625,35
3295,2627,2626,57
3296,2639,2612,160
3297,2638,2639,36
3298,2637,2638,27
3299,2628,2627,108
3300,2629,2628,188
3301,2630,2629,119
3302,2631,2630,95
3303,2632,2631,89
3304,2633,2632,89
3305,2634,2633,73
3306,2634,2635,108
3307,2635,2636,118
3308,2636,2637,320
3309,2609,2640,49
3310,2641,2640,31
3311,2642,2641,46
3312,2643,2611,197
3313,2642,2643,222
3314,2638,2643,43
